pref,muni,epco
北海道,札幌市,hokkaido
北海道,函館市,hokkaido
北海道,小樽市,hokkaido
北海道,旭川市,hokkaido
北海道,室蘭市,hokkaido
北海道,釧路市,hokkaido
北海道,帯広市,hokkaido
北海道,北見市,hokkaido
北海道,夕張市,hokkaido
北海道,岩見沢市,hokkaido
北海道,網走市,hokkaido
北海道,留萌市,hokkaido
北海道,苫小牧市,hokkaido
北海道,稚内市,hokkaido
北海道,美唄市,hokkaido
北海道,芦別市,hokkaido
北海道,江別市,hokkaido
北海道,赤平市,hokkaido
北海道,紋別市,hokkaido
北海道,士別市,hokkaido
北海道,名寄市,hokkaido
北海道,三笠市,hokkaido
北海道,根室市,hokkaido
北海道,千歳市,hokkaido
北海道,滝川市,hokkaido
北海道,砂川市,hokkaido
北海道,歌志内市,hokkaido
北海道,深川市,hokkaido
北海道,富良野市,hokkaido
北海道,登別市,hokkaido
北海道,恵庭市,hokkaido
北海道,伊達市,hokkaido
北海道,北広島市,hokkaido
北海道,石狩市,hokkaido
北海道,北斗市,hokkaido
北海道,当別町,hokkaido
北海道,新篠津村,hokkaido
北海道,松前町,hokkaido
北海道,福島町,hokkaido
北海道,知内町,hokkaido
北海道,木古内町,hokkaido
北海道,七飯町,hokkaido
北海道,鹿部町,hokkaido
北海道,森町,hokkaido
北海道,八雲町,hokkaido
北海道,長万部町,hokkaido
北海道,江差町,hokkaido
北海道,上ノ国町,hokkaido
北海道,厚沢部町,hokkaido
北海道,乙部町,hokkaido
北海道,奥尻町,hokkaido
北海道,今金町,hokkaido
北海道,せたな町,hokkaido
北海道,島牧村,hokkaido
北海道,寿都町,hokkaido
北海道,黒松内町,hokkaido
北海道,蘭越町,hokkaido
北海道,ニセコ町,hokkaido
北海道,真狩村,hokkaido
北海道,留寿都村,hokkaido
北海道,喜茂別町,hokkaido
北海道,京極町,hokkaido
北海道,倶知安町,hokkaido
北海道,共和町,hokkaido
北海道,岩内町,hokkaido
北海道,泊村,hokkaido
北海道,神恵内村,hokkaido
北海道,積丹町,hokkaido
北海道,古平町,hokkaido
北海道,仁木町,hokkaido
北海道,余市町,hokkaido
北海道,赤井川村,hokkaido
北海道,南幌町,hokkaido
北海道,奈井江町,hokkaido
北海道,上砂川町,hokkaido
北海道,由仁町,hokkaido
北海道,長沼町,hokkaido
北海道,栗山町,hokkaido
北海道,月形町,hokkaido
北海道,浦臼町,hokkaido
北海道,新十津川町,hokkaido
北海道,妹背牛町,hokkaido
北海道,秩父別町,hokkaido
北海道,雨竜町,hokkaido
北海道,北竜町,hokkaido
北海道,沼田町,hokkaido
北海道,鷹栖町,hokkaido
北海道,東神楽町,hokkaido
北海道,当麻町,hokkaido
北海道,比布町,hokkaido
北海道,愛別町,hokkaido
北海道,上川町,hokkaido
北海道,東川町,hokkaido
北海道,美瑛町,hokkaido
北海道,上富良野町,hokkaido
北海道,中富良野町,hokkaido
北海道,南富良野町,hokkaido
北海道,占冠村,hokkaido
北海道,和寒町,hokkaido
北海道,剣淵町,hokkaido
北海道,下川町,hokkaido
北海道,美深町,hokkaido
北海道,音威子府村,hokkaido
北海道,中川町,hokkaido
北海道,幌加内町,hokkaido
北海道,増毛町,hokkaido
北海道,小平町,hokkaido
北海道,苫前町,hokkaido
北海道,羽幌町,hokkaido
北海道,初山別村,hokkaido
北海道,遠別町,hokkaido
北海道,天塩町,hokkaido
北海道,猿払村,hokkaido
北海道,浜頓別町,hokkaido
北海道,中頓別町,hokkaido
北海道,枝幸町,hokkaido
北海道,豊富町,hokkaido
北海道,礼文町,hokkaido
北海道,利尻町,hokkaido
北海道,利尻富士町,hokkaido
北海道,幌延町,hokkaido
北海道,美幌町,hokkaido
北海道,津別町,hokkaido
北海道,斜里町,hokkaido
北海道,清里町,hokkaido
北海道,小清水町,hokkaido
北海道,訓子府町,hokkaido
北海道,置戸町,hokkaido
北海道,佐呂間町,hokkaido
北海道,遠軽町,hokkaido
北海道,湧別町,hokkaido
北海道,滝上町,hokkaido
北海道,興部町,hokkaido
北海道,西興部村,hokkaido
北海道,雄武町,hokkaido
北海道,大空町,hokkaido
北海道,豊浦町,hokkaido
北海道,壮瞥町,hokkaido
北海道,白老町,hokkaido
北海道,厚真町,hokkaido
北海道,洞爺湖町,hokkaido
北海道,安平町,hokkaido
北海道,むかわ町,hokkaido
北海道,日高町,hokkaido
北海道,平取町,hokkaido
北海道,新冠町,hokkaido
北海道,浦河町,hokkaido
北海道,様似町,hokkaido
北海道,えりも町,hokkaido
北海道,新ひだか町,hokkaido
北海道,音更町,hokkaido
北海道,士幌町,hokkaido
北海道,上士幌町,hokkaido
北海道,鹿追町,hokkaido
北海道,新得町,hokkaido
北海道,清水町,hokkaido
北海道,芽室町,hokkaido
北海道,中札内村,hokkaido
北海道,更別村,hokkaido
北海道,大樹町,hokkaido
北海道,広尾町,hokkaido
北海道,幕別町,hokkaido
北海道,池田町,hokkaido
北海道,豊頃町,hokkaido
北海道,本別町,hokkaido
北海道,足寄町,hokkaido
北海道,陸別町,hokkaido
北海道,浦幌町,hokkaido
北海道,釧路町,hokkaido
北海道,厚岸町,hokkaido
北海道,浜中町,hokkaido
北海道,標茶町,hokkaido
北海道,弟子屈町,hokkaido
北海道,鶴居村,hokkaido
北海道,白糠町,hokkaido
北海道,別海町,hokkaido
北海道,中標津町,hokkaido
北海道,標津町,hokkaido
北海道,羅臼町,hokkaido
青森県,青森市,tohoku
青森県,弘前市,tohoku
青森県,八戸市,tohoku
青森県,黒石市,tohoku
青森県,五所川原市,tohoku
青森県,十和田市,tohoku
青森県,三沢市,tohoku
青森県,むつ市,tohoku
青森県,つがる市,tohoku
青森県,平川市,tohoku
青森県,平内町,tohoku
青森県,今別町,tohoku
青森県,蓬田村,tohoku
青森県,外ヶ浜町,tohoku
青森県,鰺ヶ沢町,tohoku
青森県,深浦町,tohoku
青森県,西目屋村,tohoku
青森県,藤崎町,tohoku
青森県,大鰐町,tohoku
青森県,田舎館村,tohoku
青森県,板柳町,tohoku
青森県,鶴田町,tohoku
青森県,中泊町,tohoku
青森県,野辺地町,tohoku
青森県,七戸町,tohoku
青森県,六戸町,tohoku
青森県,横浜町,tohoku
青森県,東北町,tohoku
青森県,六ヶ所村,tohoku
青森県,おいらせ町,tohoku
青森県,大間町,tohoku
青森県,東通村,tohoku
青森県,風間浦村,tohoku
青森県,佐井村,tohoku
青森県,三戸町,tohoku
青森県,五戸町,tohoku
青森県,田子町,tohoku
青森県,南部町,tohoku
青森県,階上町,tohoku
青森県,新郷村,tohoku
岩手県,盛岡市,tohoku
岩手県,宮古市,tohoku
岩手県,大船渡市,tohoku
岩手県,花巻市,tohoku
岩手県,北上市,tohoku
岩手県,久慈市,tohoku
岩手県,遠野市,tohoku
岩手県,一関市,tohoku
岩手県,陸前高田市,tohoku
岩手県,釜石市,tohoku
岩手県,二戸市,tohoku
岩手県,八幡平市,tohoku
岩手県,奥州市,tohoku
岩手県,滝沢市,tohoku
岩手県,雫石町,tohoku
岩手県,葛巻町,tohoku
岩手県,岩手町,tohoku
岩手県,紫波町,tohoku
岩手県,矢巾町,tohoku
岩手県,西和賀町,tohoku
岩手県,金ケ崎町,tohoku
岩手県,平泉町,tohoku
岩手県,住田町,tohoku
岩手県,大槌町,tohoku
岩手県,山田町,tohoku
岩手県,岩泉町,tohoku
岩手県,田野畑村,tohoku
岩手県,普代村,tohoku
岩手県,軽米町,tohoku
岩手県,野田村,tohoku
岩手県,九戸村,tohoku
岩手県,洋野町,tohoku
岩手県,一戸町,tohoku
宮城県,仙台市,tohoku
宮城県,石巻市,tohoku
宮城県,塩竈市,tohoku
宮城県,気仙沼市,tohoku
宮城県,白石市,tohoku
宮城県,名取市,tohoku
宮城県,角田市,tohoku
宮城県,多賀城市,tohoku
宮城県,岩沼市,tohoku
宮城県,登米市,tohoku
宮城県,栗原市,tohoku
宮城県,東松島市,tohoku
宮城県,大崎市,tohoku
宮城県,富谷市,tohoku
宮城県,蔵王町,tohoku
宮城県,七ヶ宿町,tohoku
宮城県,大河原町,tohoku
宮城県,村田町,tohoku
宮城県,柴田町,tohoku
宮城県,川崎町,tohoku
宮城県,丸森町,tohoku
宮城県,亘理町,tohoku
宮城県,山元町,tohoku
宮城県,松島町,tohoku
宮城県,七ヶ浜町,tohoku
宮城県,利府町,tohoku
宮城県,大和町,tohoku
宮城県,大郷町,tohoku
宮城県,大衡村,tohoku
宮城県,色麻町,tohoku
宮城県,加美町,tohoku
宮城県,涌谷町,tohoku
宮城県,美里町,tohoku
宮城県,女川町,tohoku
宮城県,南三陸町,tohoku
秋田県,秋田市,tohoku
秋田県,能代市,tohoku
秋田県,横手市,tohoku
秋田県,大館市,tohoku
秋田県,男鹿市,tohoku
秋田県,湯沢市,tohoku
秋田県,鹿角市,tohoku
秋田県,由利本荘市,tohoku
秋田県,潟上市,tohoku
秋田県,大仙市,tohoku
秋田県,北秋田市,tohoku
秋田県,にかほ市,tohoku
秋田県,仙北市,tohoku
秋田県,小坂町,tohoku
秋田県,上小阿仁村,tohoku
秋田県,藤里町,tohoku
秋田県,三種町,tohoku
秋田県,八峰町,tohoku
秋田県,五城目町,tohoku
秋田県,八郎潟町,tohoku
秋田県,井川町,tohoku
秋田県,大潟村,tohoku
秋田県,美郷町,tohoku
秋田県,羽後町,tohoku
秋田県,東成瀬村,tohoku
山形県,山形市,tohoku
山形県,米沢市,tohoku
山形県,鶴岡市,tohoku
山形県,酒田市,tohoku
山形県,新庄市,tohoku
山形県,寒河江市,tohoku
山形県,上山市,tohoku
山形県,村山市,tohoku
山形県,長井市,tohoku
山形県,天童市,tohoku
山形県,東根市,tohoku
山形県,尾花沢市,tohoku
山形県,南陽市,tohoku
山形県,山辺町,tohoku
山形県,中山町,tohoku
山形県,河北町,tohoku
山形県,西川町,tohoku
山形県,朝日町,tohoku
山形県,大江町,tohoku
山形県,大石田町,tohoku
山形県,金山町,tohoku
山形県,最上町,tohoku
山形県,舟形町,tohoku
山形県,真室川町,tohoku
山形県,大蔵村,tohoku
山形県,鮭川村,tohoku
山形県,戸沢村,tohoku
山形県,高畠町,tohoku
山形県,川西町,tohoku
山形県,小国町,tohoku
山形県,白鷹町,tohoku
山形県,飯豊町,tohoku
山形県,三川町,tohoku
山形県,庄内町,tohoku
山形県,遊佐町,tohoku
福島県,福島市,tohoku
福島県,会津若松市,tohoku
福島県,郡山市,tohoku
福島県,いわき市,tohoku
福島県,白河市,tohoku
福島県,須賀川市,tohoku
福島県,喜多方市,tohoku
福島県,相馬市,tohoku
福島県,二本松市,tohoku
福島県,田村市,tohoku
福島県,南相馬市,tohoku
福島県,伊達市,tohoku
福島県,本宮市,tohoku
福島県,桑折町,tohoku
福島県,国見町,tohoku
福島県,川俣町,tohoku
福島県,大玉村,tohoku
福島県,鏡石町,tohoku
福島県,天栄村,tohoku
福島県,下郷町,tohoku
福島県,檜枝岐村,tohoku
福島県,只見町,tohoku
福島県,南会津町,tohoku
福島県,北塩原村,tohoku
福島県,西会津町,tohoku
福島県,磐梯町,tohoku
福島県,猪苗代町,tohoku
福島県,会津坂下町,tohoku
福島県,湯川村,tohoku
福島県,柳津町,tohoku
福島県,三島町,tohoku
福島県,金山町,tohoku
福島県,昭和村,tohoku
福島県,会津美里町,tohoku
福島県,西郷村,tohoku
福島県,泉崎村,tohoku
福島県,中島村,tohoku
福島県,矢吹町,tohoku
福島県,棚倉町,tohoku
福島県,矢祭町,tohoku
福島県,塙町,tohoku
福島県,鮫川村,tohoku
福島県,石川町,tohoku
福島県,玉川村,tohoku
福島県,平田村,tohoku
福島県,浅川町,tohoku
福島県,古殿町,tohoku
福島県,三春町,tohoku
福島県,小野町,tohoku
福島県,広野町,tohoku
福島県,楢葉町,tohoku
福島県,富岡町,tohoku
福島県,川内村,tohoku
福島県,大熊町,tohoku
福島県,双葉町,tohoku
福島県,浪江町,tohoku
福島県,葛尾村,tohoku
福島県,新地町,tohoku
福島県,飯舘村,tohoku
茨城県,水戸市,tokyo
茨城県,日立市,tokyo
茨城県,土浦市,tokyo
茨城県,古河市,tokyo
茨城県,石岡市,tokyo
茨城県,結城市,tokyo
茨城県,龍ケ崎市,tokyo
茨城県,下妻市,tokyo
茨城県,常総市,tokyo
茨城県,常陸太田市,tokyo
茨城県,高萩市,tokyo
茨城県,北茨城市,tokyo
茨城県,笠間市,tokyo
茨城県,取手市,tokyo
茨城県,牛久市,tokyo
茨城県,つくば市,tokyo
茨城県,ひたちなか市,tokyo
茨城県,鹿嶋市,tokyo
茨城県,潮来市,tokyo
茨城県,守谷市,tokyo
茨城県,常陸大宮市,tokyo
茨城県,那珂市,tokyo
茨城県,筑西市,tokyo
茨城県,坂東市,tokyo
茨城県,稲敷市,tokyo
茨城県,かすみがうら市,tokyo
茨城県,桜川市,tokyo
茨城県,神栖市,tokyo
茨城県,行方市,tokyo
茨城県,鉾田市,tokyo
茨城県,つくばみらい市,tokyo
茨城県,小美玉市,tokyo
茨城県,茨城町,tokyo
茨城県,大洗町,tokyo
茨城県,城里町,tokyo
茨城県,東海村,tokyo
茨城県,大子町,tokyo
茨城県,美浦村,tokyo
茨城県,阿見町,tokyo
茨城県,河内町,tokyo
茨城県,八千代町,tokyo
茨城県,五霞町,tokyo
茨城県,境町,tokyo
茨城県,利根町,tokyo
栃木県,宇都宮市,tokyo
栃木県,足利市,tokyo
栃木県,栃木市,tokyo
栃木県,佐野市,tokyo
栃木県,鹿沼市,tokyo
栃木県,日光市,tokyo
栃木県,小山市,tokyo
栃木県,真岡市,tokyo
栃木県,大田原市,tokyo
栃木県,矢板市,tokyo
栃木県,那須塩原市,tokyo
栃木県,さくら市,tokyo
栃木県,那須烏山市,tokyo
栃木県,下野市,tokyo
栃木県,上三川町,tokyo
栃木県,益子町,tokyo
栃木県,茂木町,tokyo
栃木県,市貝町,tokyo
栃木県,芳賀町,tokyo
栃木県,壬生町,tokyo
栃木県,野木町,tokyo
栃木県,塩谷町,tokyo
栃木県,高根沢町,tokyo
栃木県,那須町,tokyo
栃木県,那珂川町,tokyo
群馬県,前橋市,tokyo
群馬県,高崎市,tokyo
群馬県,桐生市,tokyo
群馬県,伊勢崎市,tokyo
群馬県,太田市,tokyo
群馬県,沼田市,tokyo
群馬県,館林市,tokyo
群馬県,渋川市,tokyo
群馬県,藤岡市,tokyo
群馬県,富岡市,tokyo
群馬県,安中市,tokyo
群馬県,みどり市,tokyo
群馬県,榛東村,tokyo
群馬県,吉岡町,tokyo
群馬県,上野村,tokyo
群馬県,神流町,tokyo
群馬県,下仁田町,tokyo
群馬県,南牧村,tokyo
群馬県,甘楽町,tokyo
群馬県,中之条町,tokyo
群馬県,長野原町,tokyo
群馬県,嬬恋村,tokyo
群馬県,草津町,tokyo
群馬県,高山村,tokyo
群馬県,東吾妻町,tokyo
群馬県,片品村,tokyo
群馬県,川場村,tokyo
群馬県,昭和村,tokyo
群馬県,みなかみ町,tokyo
群馬県,玉村町,tokyo
群馬県,板倉町,tokyo
群馬県,明和町,tokyo
群馬県,千代田町,tokyo
群馬県,大泉町,tokyo
群馬県,邑楽町,tokyo
埼玉県,さいたま市,tokyo
埼玉県,川越市,tokyo
埼玉県,熊谷市,tokyo
埼玉県,川口市,tokyo
埼玉県,行田市,tokyo
埼玉県,秩父市,tokyo
埼玉県,所沢市,tokyo
埼玉県,飯能市,tokyo
埼玉県,加須市,tokyo
埼玉県,本庄市,tokyo
埼玉県,東松山市,tokyo
埼玉県,春日部市,tokyo
埼玉県,狭山市,tokyo
埼玉県,羽生市,tokyo
埼玉県,鴻巣市,tokyo
埼玉県,深谷市,tokyo
埼玉県,上尾市,tokyo
埼玉県,草加市,tokyo
埼玉県,越谷市,tokyo
埼玉県,蕨市,tokyo
埼玉県,戸田市,tokyo
埼玉県,入間市,tokyo
埼玉県,朝霞市,tokyo
埼玉県,志木市,tokyo
埼玉県,和光市,tokyo
埼玉県,新座市,tokyo
埼玉県,桶川市,tokyo
埼玉県,久喜市,tokyo
埼玉県,北本市,tokyo
埼玉県,八潮市,tokyo
埼玉県,富士見市,tokyo
埼玉県,三郷市,tokyo
埼玉県,蓮田市,tokyo
埼玉県,坂戸市,tokyo
埼玉県,幸手市,tokyo
埼玉県,鶴ヶ島市,tokyo
埼玉県,日高市,tokyo
埼玉県,吉川市,tokyo
埼玉県,ふじみ野市,tokyo
埼玉県,白岡市,tokyo
埼玉県,伊奈町,tokyo
埼玉県,三芳町,tokyo
埼玉県,毛呂山町,tokyo
埼玉県,越生町,tokyo
埼玉県,滑川町,tokyo
埼玉県,嵐山町,tokyo
埼玉県,小川町,tokyo
埼玉県,川島町,tokyo
埼玉県,吉見町,tokyo
埼玉県,鳩山町,tokyo
埼玉県,ときがわ町,tokyo
埼玉県,横瀬町,tokyo
埼玉県,皆野町,tokyo
埼玉県,長瀞町,tokyo
埼玉県,小鹿野町,tokyo
埼玉県,東秩父村,tokyo
埼玉県,美里町,tokyo
埼玉県,神川町,tokyo
埼玉県,上里町,tokyo
埼玉県,寄居町,tokyo
埼玉県,宮代町,tokyo
埼玉県,杉戸町,tokyo
埼玉県,松伏町,tokyo
千葉県,千葉市,tokyo
千葉県,銚子市,tokyo
千葉県,市川市,tokyo
千葉県,船橋市,tokyo
千葉県,館山市,tokyo
千葉県,木更津市,tokyo
千葉県,松戸市,tokyo
千葉県,野田市,tokyo
千葉県,茂原市,tokyo
千葉県,成田市,tokyo
千葉県,佐倉市,tokyo
千葉県,東金市,tokyo
千葉県,旭市,tokyo
千葉県,習志野市,tokyo
千葉県,柏市,tokyo
千葉県,勝浦市,tokyo
千葉県,市原市,tokyo
千葉県,流山市,tokyo
千葉県,八千代市,tokyo
千葉県,我孫子市,tokyo
千葉県,鴨川市,tokyo
千葉県,鎌ケ谷市,tokyo
千葉県,君津市,tokyo
千葉県,富津市,tokyo
千葉県,浦安市,tokyo
千葉県,四街道市,tokyo
千葉県,袖ケ浦市,tokyo
千葉県,八街市,tokyo
千葉県,印西市,tokyo
千葉県,白井市,tokyo
千葉県,富里市,tokyo
千葉県,南房総市,tokyo
千葉県,匝瑳市,tokyo
千葉県,香取市,tokyo
千葉県,山武市,tokyo
千葉県,いすみ市,tokyo
千葉県,大網白里市,tokyo
千葉県,酒々井町,tokyo
千葉県,栄町,tokyo
千葉県,神崎町,tokyo
千葉県,多古町,tokyo
千葉県,東庄町,tokyo
千葉県,九十九里町,tokyo
千葉県,芝山町,tokyo
千葉県,横芝光町,tokyo
千葉県,一宮町,tokyo
千葉県,睦沢町,tokyo
千葉県,長生村,tokyo
千葉県,白子町,tokyo
千葉県,長柄町,tokyo
千葉県,長南町,tokyo
千葉県,大多喜町,tokyo
千葉県,御宿町,tokyo
千葉県,鋸南町,tokyo
東京都,特別区部,tokyo
東京都,八王子市,tokyo
東京都,立川市,tokyo
東京都,武蔵野市,tokyo
東京都,三鷹市,tokyo
東京都,青梅市,tokyo
東京都,府中市,tokyo
東京都,昭島市,tokyo
東京都,調布市,tokyo
東京都,町田市,tokyo
東京都,小金井市,tokyo
東京都,小平市,tokyo
東京都,日野市,tokyo
東京都,東村山市,tokyo
東京都,国分寺市,tokyo
東京都,国立市,tokyo
東京都,福生市,tokyo
東京都,狛江市,tokyo
東京都,東大和市,tokyo
東京都,清瀬市,tokyo
東京都,東久留米市,tokyo
東京都,武蔵村山市,tokyo
東京都,多摩市,tokyo
東京都,稲城市,tokyo
東京都,羽村市,tokyo
東京都,あきる野市,tokyo
東京都,西東京市,tokyo
東京都,瑞穂町,tokyo
東京都,日の出町,tokyo
東京都,檜原村,tokyo
東京都,奥多摩町,tokyo
東京都,大島町,tokyo
東京都,利島村,tokyo
東京都,新島村,tokyo
東京都,神津島村,tokyo
東京都,三宅村,tokyo
東京都,御蔵島村,tokyo
東京都,八丈町,tokyo
東京都,青ヶ島村,tokyo
東京都,小笠原村,tokyo
神奈川県,横浜市,tokyo
神奈川県,川崎市,tokyo
神奈川県,相模原市,tokyo
神奈川県,横須賀市,tokyo
神奈川県,平塚市,tokyo
神奈川県,鎌倉市,tokyo
神奈川県,藤沢市,tokyo
神奈川県,小田原市,tokyo
神奈川県,茅ヶ崎市,tokyo
神奈川県,逗子市,tokyo
神奈川県,三浦市,tokyo
神奈川県,秦野市,tokyo
神奈川県,厚木市,tokyo
神奈川県,大和市,tokyo
神奈川県,伊勢原市,tokyo
神奈川県,海老名市,tokyo
神奈川県,座間市,tokyo
神奈川県,南足柄市,tokyo
神奈川県,綾瀬市,tokyo
神奈川県,葉山町,tokyo
神奈川県,寒川町,tokyo
神奈川県,大磯町,tokyo
神奈川県,二宮町,tokyo
神奈川県,中井町,tokyo
神奈川県,大井町,tokyo
神奈川県,松田町,tokyo
神奈川県,山北町,tokyo
神奈川県,開成町,tokyo
神奈川県,箱根町,tokyo
神奈川県,真鶴町,tokyo
神奈川県,湯河原町,tokyo
神奈川県,愛川町,tokyo
神奈川県,清川村,tokyo
新潟県,新潟市,tohoku
新潟県,長岡市,tohoku
新潟県,三条市,tohoku
新潟県,柏崎市,tohoku
新潟県,新発田市,tohoku
新潟県,小千谷市,tohoku
新潟県,加茂市,tohoku
新潟県,十日町市,tohoku
新潟県,見附市,tohoku
新潟県,村上市,tohoku
新潟県,燕市,tohoku
新潟県,糸魚川市,tohoku
新潟県,妙高市,tohoku
新潟県,五泉市,tohoku
新潟県,上越市,tohoku
新潟県,阿賀野市,tohoku
新潟県,佐渡市,tohoku
新潟県,魚沼市,tohoku
新潟県,南魚沼市,tohoku
新潟県,胎内市,tohoku
新潟県,聖籠町,tohoku
新潟県,弥彦村,tohoku
新潟県,田上町,tohoku
新潟県,阿賀町,tohoku
新潟県,出雲崎町,tohoku
新潟県,湯沢町,tohoku
新潟県,津南町,tohoku
新潟県,刈羽村,tohoku
新潟県,関川村,tohoku
新潟県,粟島浦村,tohoku
富山県,富山市,hokuriku
富山県,高岡市,hokuriku
富山県,魚津市,hokuriku
富山県,氷見市,hokuriku
富山県,滑川市,hokuriku
富山県,黒部市,hokuriku
富山県,砺波市,hokuriku
富山県,小矢部市,hokuriku
富山県,南砺市,hokuriku
富山県,射水市,hokuriku
富山県,舟橋村,hokuriku
富山県,上市町,hokuriku
富山県,立山町,hokuriku
富山県,入善町,hokuriku
富山県,朝日町,hokuriku
石川県,金沢市,hokuriku
石川県,七尾市,hokuriku
石川県,小松市,hokuriku
石川県,輪島市,hokuriku
石川県,珠洲市,hokuriku
石川県,加賀市,hokuriku
石川県,羽咋市,hokuriku
石川県,かほく市,hokuriku
石川県,白山市,hokuriku
石川県,能美市,hokuriku
石川県,野々市市,hokuriku
石川県,川北町,hokuriku
石川県,津幡町,hokuriku
石川県,内灘町,hokuriku
石川県,志賀町,hokuriku
石川県,宝達志水町,hokuriku
石川県,中能登町,hokuriku
石川県,穴水町,hokuriku
石川県,能登町,hokuriku
福井県,福井市,hokuriku
福井県,敦賀市,hokuriku
福井県,小浜市,kansai
福井県,大野市,hokuriku
福井県,勝山市,hokuriku
福井県,鯖江市,hokuriku
福井県,あわら市,hokuriku
福井県,越前市,hokuriku
福井県,坂井市,hokuriku
福井県,永平寺町,hokuriku
福井県,池田町,hokuriku
福井県,南越前町,hokuriku
福井県,越前町,hokuriku
福井県,美浜町,kansai
福井県,高浜町,kansai
福井県,おおい町,kansai
福井県,若狭町,kansai
山梨県,甲府市,tokyo
山梨県,富士吉田市,tokyo
山梨県,都留市,tokyo
山梨県,山梨市,tokyo
山梨県,大月市,tokyo
山梨県,韮崎市,tokyo
山梨県,南アルプス市,tokyo
山梨県,北杜市,tokyo
山梨県,甲斐市,tokyo
山梨県,笛吹市,tokyo
山梨県,上野原市,tokyo
山梨県,甲州市,tokyo
山梨県,中央市,tokyo
山梨県,市川三郷町,tokyo
山梨県,早川町,tokyo
山梨県,身延町,tokyo
山梨県,南部町,tokyo
山梨県,富士川町,tokyo
山梨県,昭和町,tokyo
山梨県,道志村,tokyo
山梨県,西桂町,tokyo
山梨県,忍野村,tokyo
山梨県,山中湖村,tokyo
山梨県,鳴沢村,tokyo
山梨県,富士河口湖町,tokyo
山梨県,小菅村,tokyo
山梨県,丹波山村,tokyo
長野県,長野市,chubu
長野県,松本市,chubu
長野県,上田市,chubu
長野県,岡谷市,chubu
長野県,飯田市,chubu
長野県,諏訪市,chubu
長野県,須坂市,chubu
長野県,小諸市,chubu
長野県,伊那市,chubu
長野県,駒ヶ根市,chubu
長野県,中野市,chubu
長野県,大町市,chubu
長野県,飯山市,chubu
長野県,茅野市,chubu
長野県,塩尻市,chubu
長野県,佐久市,chubu
長野県,千曲市,chubu
長野県,東御市,chubu
長野県,安曇野市,chubu
長野県,小海町,chubu
長野県,川上村,chubu
長野県,南牧村,chubu
長野県,南相木村,chubu
長野県,北相木村,chubu
長野県,佐久穂町,chubu
長野県,軽井沢町,chubu
長野県,御代田町,chubu
長野県,立科町,chubu
長野県,青木村,chubu
長野県,長和町,chubu
長野県,下諏訪町,chubu
長野県,富士見町,chubu
長野県,原村,chubu
長野県,辰野町,chubu
長野県,箕輪町,chubu
長野県,飯島町,chubu
長野県,南箕輪村,chubu
長野県,中川村,chubu
長野県,宮田村,chubu
長野県,松川町,chubu
長野県,高森町,chubu
長野県,阿南町,chubu
長野県,阿智村,chubu
長野県,平谷村,chubu
長野県,根羽村,chubu
長野県,下條村,chubu
長野県,売木村,chubu
長野県,天龍村,chubu
長野県,泰阜村,chubu
長野県,喬木村,chubu
長野県,豊丘村,chubu
長野県,大鹿村,chubu
長野県,上松町,chubu
長野県,南木曽町,chubu
長野県,木祖村,chubu
長野県,王滝村,chubu
長野県,大桑村,chubu
長野県,木曽町,chubu
長野県,麻績村,chubu
長野県,生坂村,chubu
長野県,山形村,chubu
長野県,朝日村,chubu
長野県,筑北村,chubu
長野県,池田町,chubu
長野県,松川村,chubu
長野県,白馬村,chubu
長野県,小谷村,chubu
長野県,坂城町,chubu
長野県,小布施町,chubu
長野県,高山村,chubu
長野県,山ノ内町,chubu
長野県,木島平村,chubu
長野県,野沢温泉村,chubu
長野県,信濃町,chubu
長野県,小川村,chubu
長野県,飯綱町,chubu
長野県,栄村,chubu
岐阜県,岐阜市,chubu
岐阜県,大垣市,chubu
岐阜県,高山市,chubu
岐阜県,多治見市,chubu
岐阜県,関市,chubu
岐阜県,中津川市,chubu
岐阜県,美濃市,chubu
岐阜県,瑞浪市,chubu
岐阜県,羽島市,chubu
岐阜県,恵那市,chubu
岐阜県,美濃加茂市,chubu
岐阜県,土岐市,chubu
岐阜県,各務原市,chubu
岐阜県,可児市,chubu
岐阜県,山県市,chubu
岐阜県,瑞穂市,chubu
岐阜県,飛騨市,chubu
岐阜県,本巣市,chubu
岐阜県,郡上市,chubu
岐阜県,下呂市,chubu
岐阜県,海津市,chubu
岐阜県,岐南町,chubu
岐阜県,笠松町,chubu
岐阜県,養老町,chubu
岐阜県,垂井町,chubu
岐阜県,関ケ原町,chubu
岐阜県,神戸町,chubu
岐阜県,輪之内町,chubu
岐阜県,安八町,chubu
岐阜県,揖斐川町,chubu
岐阜県,大野町,chubu
岐阜県,池田町,chubu
岐阜県,北方町,chubu
岐阜県,坂祝町,chubu
岐阜県,富加町,chubu
岐阜県,川辺町,chubu
岐阜県,七宗町,chubu
岐阜県,八百津町,chubu
岐阜県,白川町,chubu
岐阜県,東白川村,chubu
岐阜県,御嵩町,chubu
岐阜県,白川村,chubu
静岡県,静岡市,chubu
静岡県,浜松市,chubu
静岡県,沼津市,tokyo
静岡県,熱海市,tokyo
静岡県,三島市,tokyo
静岡県,富士宮市,tokyo
静岡県,伊東市,tokyo
静岡県,島田市,chubu
静岡県,富士市,tokyo
静岡県,磐田市,chubu
静岡県,焼津市,chubu
静岡県,掛川市,chubu
静岡県,藤枝市,chubu
静岡県,御殿場市,tokyo
静岡県,袋井市,chubu
静岡県,下田市,tokyo
静岡県,裾野市,tokyo
静岡県,湖西市,chubu
静岡県,伊豆市,tokyo
静岡県,御前崎市,chubu
静岡県,菊川市,chubu
静岡県,伊豆の国市,tokyo
静岡県,牧之原市,chubu
静岡県,東伊豆町,tokyo
静岡県,河津町,tokyo
静岡県,南伊豆町,tokyo
静岡県,松崎町,tokyo
静岡県,西伊豆町,tokyo
静岡県,函南町,tokyo
静岡県,清水町,tokyo
静岡県,長泉町,tokyo
静岡県,小山町,tokyo
静岡県,吉田町,chubu
静岡県,川根本町,chubu
静岡県,森町,chubu
愛知県,名古屋市,chubu
愛知県,豊橋市,chubu
愛知県,岡崎市,chubu
愛知県,一宮市,chubu
愛知県,瀬戸市,chubu
愛知県,半田市,chubu
愛知県,春日井市,chubu
愛知県,豊川市,chubu
愛知県,津島市,chubu
愛知県,碧南市,chubu
愛知県,刈谷市,chubu
愛知県,豊田市,chubu
愛知県,安城市,chubu
愛知県,西尾市,chubu
愛知県,蒲郡市,chubu
愛知県,犬山市,chubu
愛知県,常滑市,chubu
愛知県,江南市,chubu
愛知県,小牧市,chubu
愛知県,稲沢市,chubu
愛知県,新城市,chubu
愛知県,東海市,chubu
愛知県,大府市,chubu
愛知県,知多市,chubu
愛知県,知立市,chubu
愛知県,尾張旭市,chubu
愛知県,高浜市,chubu
愛知県,岩倉市,chubu
愛知県,豊明市,chubu
愛知県,日進市,chubu
愛知県,田原市,chubu
愛知県,愛西市,chubu
愛知県,清須市,chubu
愛知県,北名古屋市,chubu
愛知県,弥富市,chubu
愛知県,みよし市,chubu
愛知県,あま市,chubu
愛知県,長久手市,chubu
愛知県,東郷町,chubu
愛知県,豊山町,chubu
愛知県,大口町,chubu
愛知県,扶桑町,chubu
愛知県,大治町,chubu
愛知県,蟹江町,chubu
愛知県,飛島村,chubu
愛知県,阿久比町,chubu
愛知県,東浦町,chubu
愛知県,南知多町,chubu
愛知県,美浜町,chubu
愛知県,武豊町,chubu
愛知県,幸田町,chubu
愛知県,設楽町,chubu
愛知県,東栄町,chubu
愛知県,豊根村,chubu
三重県,津市,chubu
三重県,四日市市,chubu
三重県,伊勢市,chubu
三重県,松阪市,chubu
三重県,桑名市,chubu
三重県,鈴鹿市,chubu
三重県,名張市,chubu
三重県,尾鷲市,chubu
三重県,亀山市,chubu
三重県,鳥羽市,chubu
三重県,熊野市,chubu
三重県,いなべ市,chubu
三重県,志摩市,chubu
三重県,伊賀市,chubu
三重県,木曽岬町,chubu
三重県,東員町,chubu
三重県,菰野町,chubu
三重県,朝日町,chubu
三重県,川越町,chubu
三重県,多気町,chubu
三重県,明和町,chubu
三重県,大台町,chubu
三重県,玉城町,chubu
三重県,度会町,chubu
三重県,大紀町,chubu
三重県,南伊勢町,chubu
三重県,紀北町,chubu
三重県,御浜町,chubu
三重県,紀宝町,chubu
滋賀県,大津市,kansai
滋賀県,彦根市,kansai
滋賀県,長浜市,kansai
滋賀県,近江八幡市,kansai
滋賀県,草津市,kansai
滋賀県,守山市,kansai
滋賀県,栗東市,kansai
滋賀県,甲賀市,kansai
滋賀県,野洲市,kansai
滋賀県,湖南市,kansai
滋賀県,高島市,kansai
滋賀県,東近江市,kansai
滋賀県,米原市,kansai
滋賀県,日野町,kansai
滋賀県,竜王町,kansai
滋賀県,愛荘町,kansai
滋賀県,豊郷町,kansai
滋賀県,甲良町,kansai
滋賀県,多賀町,kansai
京都府,京都市,kansai
京都府,福知山市,kansai
京都府,舞鶴市,kansai
京都府,綾部市,kansai
京都府,宇治市,kansai
京都府,宮津市,kansai
京都府,亀岡市,kansai
京都府,城陽市,kansai
京都府,向日市,kansai
京都府,長岡京市,kansai
京都府,八幡市,kansai
京都府,京田辺市,kansai
京都府,京丹後市,kansai
京都府,南丹市,kansai
京都府,木津川市,kansai
京都府,大山崎町,kansai
京都府,久御山町,kansai
京都府,井手町,kansai
京都府,宇治田原町,kansai
京都府,笠置町,kansai
京都府,和束町,kansai
京都府,精華町,kansai
京都府,南山城村,kansai
京都府,京丹波町,kansai
京都府,伊根町,kansai
京都府,与謝野町,kansai
大阪府,大阪市,kansai
大阪府,堺市,kansai
大阪府,岸和田市,kansai
大阪府,豊中市,kansai
大阪府,池田市,kansai
大阪府,吹田市,kansai
大阪府,泉大津市,kansai
大阪府,高槻市,kansai
大阪府,貝塚市,kansai
大阪府,守口市,kansai
大阪府,枚方市,kansai
大阪府,茨木市,kansai
大阪府,八尾市,kansai
大阪府,泉佐野市,kansai
大阪府,富田林市,kansai
大阪府,寝屋川市,kansai
大阪府,河内長野市,kansai
大阪府,松原市,kansai
大阪府,大東市,kansai
大阪府,和泉市,kansai
大阪府,箕面市,kansai
大阪府,柏原市,kansai
大阪府,羽曳野市,kansai
大阪府,門真市,kansai
大阪府,摂津市,kansai
大阪府,高石市,kansai
大阪府,藤井寺市,kansai
大阪府,東大阪市,kansai
大阪府,泉南市,kansai
大阪府,四條畷市,kansai
大阪府,交野市,kansai
大阪府,大阪狭山市,kansai
大阪府,阪南市,kansai
大阪府,島本町,kansai
大阪府,豊能町,kansai
大阪府,能勢町,kansai
大阪府,忠岡町,kansai
大阪府,熊取町,kansai
大阪府,田尻町,kansai
大阪府,岬町,kansai
大阪府,太子町,kansai
大阪府,河南町,kansai
大阪府,千早赤阪村,kansai
兵庫県,神戸市,kansai
兵庫県,姫路市,kansai
兵庫県,尼崎市,kansai
兵庫県,明石市,kansai
兵庫県,西宮市,kansai
兵庫県,洲本市,kansai
兵庫県,芦屋市,kansai
兵庫県,伊丹市,kansai
兵庫県,相生市,kansai
兵庫県,豊岡市,kansai
兵庫県,加古川市,kansai
兵庫県,赤穂市,kansai
兵庫県,西脇市,kansai
兵庫県,宝塚市,kansai
兵庫県,三木市,kansai
兵庫県,高砂市,kansai
兵庫県,川西市,kansai
兵庫県,小野市,kansai
兵庫県,三田市,kansai
兵庫県,加西市,kansai
兵庫県,丹波篠山市,kansai
兵庫県,養父市,kansai
兵庫県,丹波市,kansai
兵庫県,南あわじ市,kansai
兵庫県,朝来市,kansai
兵庫県,淡路市,kansai
兵庫県,宍粟市,kansai
兵庫県,加東市,kansai
兵庫県,たつの市,kansai
兵庫県,猪名川町,kansai
兵庫県,多可町,kansai
兵庫県,稲美町,kansai
兵庫県,播磨町,kansai
兵庫県,市川町,kansai
兵庫県,福崎町,kansai
兵庫県,神河町,kansai
兵庫県,太子町,kansai
兵庫県,上郡町,kansai
兵庫県,佐用町,kansai
兵庫県,香美町,kansai
兵庫県,新温泉町,kansai
奈良県,奈良市,kansai
奈良県,大和高田市,kansai
奈良県,大和郡山市,kansai
奈良県,天理市,kansai
奈良県,橿原市,kansai
奈良県,桜井市,kansai
奈良県,五條市,kansai
奈良県,御所市,kansai
奈良県,生駒市,kansai
奈良県,香芝市,kansai
奈良県,葛城市,kansai
奈良県,宇陀市,kansai
奈良県,山添村,kansai
奈良県,平群町,kansai
奈良県,三郷町,kansai
奈良県,斑鳩町,kansai
奈良県,安堵町,kansai
奈良県,川西町,kansai
奈良県,三宅町,kansai
奈良県,田原本町,kansai
奈良県,曽爾村,kansai
奈良県,御杖村,kansai
奈良県,高取町,kansai
奈良県,明日香村,kansai
奈良県,上牧町,kansai
奈良県,王寺町,kansai
奈良県,広陵町,kansai
奈良県,河合町,kansai
奈良県,吉野町,kansai
奈良県,大淀町,kansai
奈良県,下市町,kansai
奈良県,黒滝村,kansai
奈良県,天川村,kansai
奈良県,野迫川村,kansai
奈良県,十津川村,kansai
奈良県,下北山村,kansai
奈良県,上北山村,kansai
奈良県,川上村,kansai
奈良県,東吉野村,kansai
和歌山県,和歌山市,kansai
和歌山県,海南市,kansai
和歌山県,橋本市,kansai
和歌山県,有田市,kansai
和歌山県,御坊市,kansai
和歌山県,田辺市,kansai
和歌山県,新宮市,kansai
和歌山県,紀の川市,kansai
和歌山県,岩出市,kansai
和歌山県,紀美野町,kansai
和歌山県,かつらぎ町,kansai
和歌山県,九度山町,kansai
和歌山県,高野町,kansai
和歌山県,湯浅町,kansai
和歌山県,広川町,kansai
和歌山県,有田川町,kansai
和歌山県,美浜町,kansai
和歌山県,日高町,kansai
和歌山県,由良町,kansai
和歌山県,印南町,kansai
和歌山県,みなべ町,kansai
和歌山県,日高川町,kansai
和歌山県,白浜町,kansai
和歌山県,上富田町,kansai
和歌山県,すさみ町,kansai
和歌山県,那智勝浦町,kansai
和歌山県,太地町,kansai
和歌山県,古座川町,kansai
和歌山県,北山村,kansai
和歌山県,串本町,kansai
鳥取県,鳥取市,chugoku
鳥取県,米子市,chugoku
鳥取県,倉吉市,chugoku
鳥取県,境港市,chugoku
鳥取県,岩美町,chugoku
鳥取県,若桜町,chugoku
鳥取県,智頭町,chugoku
鳥取県,八頭町,chugoku
鳥取県,三朝町,chugoku
鳥取県,湯梨浜町,chugoku
鳥取県,琴浦町,chugoku
鳥取県,北栄町,chugoku
鳥取県,日吉津村,chugoku
鳥取県,大山町,chugoku
鳥取県,南部町,chugoku
鳥取県,伯耆町,chugoku
鳥取県,日南町,chugoku
鳥取県,日野町,chugoku
鳥取県,江府町,chugoku
島根県,松江市,chugoku
島根県,浜田市,chugoku
島根県,出雲市,chugoku
島根県,益田市,chugoku
島根県,大田市,chugoku
島根県,安来市,chugoku
島根県,江津市,chugoku
島根県,雲南市,chugoku
島根県,奥出雲町,chugoku
島根県,飯南町,chugoku
島根県,川本町,chugoku
島根県,美郷町,chugoku
島根県,邑南町,chugoku
島根県,津和野町,chugoku
島根県,吉賀町,chugoku
島根県,海士町,chugoku
島根県,西ノ島町,chugoku
島根県,知夫村,chugoku
島根県,隠岐の島町,chugoku
岡山県,岡山市,chugoku
岡山県,倉敷市,chugoku
岡山県,津山市,chugoku
岡山県,玉野市,chugoku
岡山県,笠岡市,chugoku
岡山県,井原市,chugoku
岡山県,総社市,chugoku
岡山県,高梁市,chugoku
岡山県,新見市,chugoku
岡山県,備前市,chugoku
岡山県,瀬戸内市,chugoku
岡山県,赤磐市,chugoku
岡山県,真庭市,chugoku
岡山県,美作市,chugoku
岡山県,浅口市,chugoku
岡山県,和気町,chugoku
岡山県,早島町,chugoku
岡山県,里庄町,chugoku
岡山県,矢掛町,chugoku
岡山県,新庄村,chugoku
岡山県,鏡野町,chugoku
岡山県,勝央町,chugoku
岡山県,奈義町,chugoku
岡山県,西粟倉村,chugoku
岡山県,久米南町,chugoku
岡山県,美咲町,chugoku
岡山県,吉備中央町,chugoku
広島県,広島市,chugoku
広島県,呉市,chugoku
広島県,竹原市,chugoku
広島県,三原市,chugoku
広島県,尾道市,chugoku
広島県,福山市,chugoku
広島県,府中市,chugoku
広島県,三次市,chugoku
広島県,庄原市,chugoku
広島県,大竹市,chugoku
広島県,東広島市,chugoku
広島県,廿日市市,chugoku
広島県,安芸高田市,chugoku
広島県,江田島市,chugoku
広島県,府中町,chugoku
広島県,海田町,chugoku
広島県,熊野町,chugoku
広島県,坂町,chugoku
広島県,安芸太田町,chugoku
広島県,北広島町,chugoku
広島県,大崎上島町,chugoku
広島県,世羅町,chugoku
広島県,神石高原町,chugoku
山口県,下関市,chugoku
山口県,宇部市,chugoku
山口県,山口市,chugoku
山口県,萩市,chugoku
山口県,防府市,chugoku
山口県,下松市,chugoku
山口県,岩国市,chugoku
山口県,光市,chugoku
山口県,長門市,chugoku
山口県,柳井市,chugoku
山口県,美祢市,chugoku
山口県,周南市,chugoku
山口県,山陽小野田市,chugoku
山口県,周防大島町,chugoku
山口県,和木町,chugoku
山口県,上関町,chugoku
山口県,田布施町,chugoku
山口県,平生町,chugoku
山口県,阿武町,chugoku
徳島県,徳島市,shikoku
徳島県,鳴門市,shikoku
徳島県,小松島市,shikoku
徳島県,阿南市,shikoku
徳島県,吉野川市,shikoku
徳島県,阿波市,shikoku
徳島県,美馬市,shikoku
徳島県,三好市,shikoku
徳島県,勝浦町,shikoku
徳島県,上勝町,shikoku
徳島県,佐那河内村,shikoku
徳島県,石井町,shikoku
徳島県,神山町,shikoku
徳島県,那賀町,shikoku
徳島県,牟岐町,shikoku
徳島県,美波町,shikoku
徳島県,海陽町,shikoku
徳島県,松茂町,shikoku
徳島県,北島町,shikoku
徳島県,藍住町,shikoku
徳島県,板野町,shikoku
徳島県,上板町,shikoku
徳島県,つるぎ町,shikoku
徳島県,東みよし町,shikoku
香川県,高松市,shikoku
香川県,丸亀市,shikoku
香川県,坂出市,shikoku
香川県,善通寺市,shikoku
香川県,観音寺市,shikoku
香川県,さぬき市,shikoku
香川県,東かがわ市,shikoku
香川県,三豊市,shikoku
香川県,土庄町,shikoku
香川県,小豆島町,shikoku
香川県,三木町,shikoku
香川県,直島町,shikoku
香川県,宇多津町,shikoku
香川県,綾川町,shikoku
香川県,琴平町,shikoku
香川県,多度津町,shikoku
香川県,まんのう町,shikoku
愛媛県,松山市,shikoku
愛媛県,今治市,shikoku
愛媛県,宇和島市,shikoku
愛媛県,八幡浜市,shikoku
愛媛県,新居浜市,shikoku
愛媛県,西条市,shikoku
愛媛県,大洲市,shikoku
愛媛県,伊予市,shikoku
愛媛県,四国中央市,shikoku
愛媛県,西予市,shikoku
愛媛県,東温市,shikoku
愛媛県,上島町,shikoku
愛媛県,久万高原町,shikoku
愛媛県,松前町,shikoku
愛媛県,砥部町,shikoku
愛媛県,内子町,shikoku
愛媛県,伊方町,shikoku
愛媛県,松野町,shikoku
愛媛県,鬼北町,shikoku
愛媛県,愛南町,shikoku
高知県,高知市,shikoku
高知県,室戸市,shikoku
高知県,安芸市,shikoku
高知県,南国市,shikoku
高知県,土佐市,shikoku
高知県,須崎市,shikoku
高知県,宿毛市,shikoku
高知県,土佐清水市,shikoku
高知県,四万十市,shikoku
高知県,香南市,shikoku
高知県,香美市,shikoku
高知県,東洋町,shikoku
高知県,奈半利町,shikoku
高知県,田野町,shikoku
高知県,安田町,shikoku
高知県,北川村,shikoku
高知県,馬路村,shikoku
高知県,芸西村,shikoku
高知県,本山町,shikoku
高知県,大豊町,shikoku
高知県,土佐町,shikoku
高知県,大川村,shikoku
高知県,いの町,shikoku
高知県,仁淀川町,shikoku
高知県,中土佐町,shikoku
高知県,佐川町,shikoku
高知県,越知町,shikoku
高知県,梼原町,shikoku
高知県,日高村,shikoku
高知県,津野町,shikoku
高知県,四万十町,shikoku
高知県,大月町,shikoku
高知県,三原村,shikoku
高知県,黒潮町,shikoku
福岡県,北九州市,kyushu
福岡県,福岡市,kyushu
福岡県,大牟田市,kyushu
福岡県,久留米市,kyushu
福岡県,直方市,kyushu
福岡県,飯塚市,kyushu
福岡県,田川市,kyushu
福岡県,柳川市,kyushu
福岡県,八女市,kyushu
福岡県,筑後市,kyushu
福岡県,大川市,kyushu
福岡県,行橋市,kyushu
福岡県,豊前市,kyushu
福岡県,中間市,kyushu
福岡県,小郡市,kyushu
福岡県,筑紫野市,kyushu
福岡県,春日市,kyushu
福岡県,大野城市,kyushu
福岡県,宗像市,kyushu
福岡県,太宰府市,kyushu
福岡県,古賀市,kyushu
福岡県,福津市,kyushu
福岡県,うきは市,kyushu
福岡県,宮若市,kyushu
福岡県,嘉麻市,kyushu
福岡県,朝倉市,kyushu
福岡県,みやま市,kyushu
福岡県,糸島市,kyushu
福岡県,那珂川市,kyushu
福岡県,宇美町,kyushu
福岡県,篠栗町,kyushu
福岡県,志免町,kyushu
福岡県,須恵町,kyushu
福岡県,新宮町,kyushu
福岡県,久山町,kyushu
福岡県,粕屋町,kyushu
福岡県,芦屋町,kyushu
福岡県,水巻町,kyushu
福岡県,岡垣町,kyushu
福岡県,遠賀町,kyushu
福岡県,小竹町,kyushu
福岡県,鞍手町,kyushu
福岡県,桂川町,kyushu
福岡県,筑前町,kyushu
福岡県,東峰村,kyushu
福岡県,大刀洗町,kyushu
福岡県,大木町,kyushu
福岡県,広川町,kyushu
福岡県,香春町,kyushu
福岡県,添田町,kyushu
福岡県,糸田町,kyushu
福岡県,川崎町,kyushu
福岡県,大任町,kyushu
福岡県,赤村,kyushu
福岡県,福智町,kyushu
福岡県,苅田町,kyushu
福岡県,みやこ町,kyushu
福岡県,吉富町,kyushu
福岡県,上毛町,kyushu
福岡県,築上町,kyushu
佐賀県,佐賀市,kyushu
佐賀県,唐津市,kyushu
佐賀県,鳥栖市,kyushu
佐賀県,多久市,kyushu
佐賀県,伊万里市,kyushu
佐賀県,武雄市,kyushu
佐賀県,鹿島市,kyushu
佐賀県,小城市,kyushu
佐賀県,嬉野市,kyushu
佐賀県,神埼市,kyushu
佐賀県,吉野ヶ里町,kyushu
佐賀県,基山町,kyushu
佐賀県,上峰町,kyushu
佐賀県,みやき町,kyushu
佐賀県,玄海町,kyushu
佐賀県,有田町,kyushu
佐賀県,大町町,kyushu
佐賀県,江北町,kyushu
佐賀県,白石町,kyushu
佐賀県,太良町,kyushu
長崎県,長崎市,kyushu
長崎県,佐世保市,kyushu
長崎県,島原市,kyushu
長崎県,諫早市,kyushu
長崎県,大村市,kyushu
長崎県,平戸市,kyushu
長崎県,松浦市,kyushu
長崎県,対馬市,kyushu
長崎県,壱岐市,kyushu
長崎県,五島市,kyushu
長崎県,西海市,kyushu
長崎県,雲仙市,kyushu
長崎県,南島原市,kyushu
長崎県,長与町,kyushu
長崎県,時津町,kyushu
長崎県,東彼杵町,kyushu
長崎県,川棚町,kyushu
長崎県,波佐見町,kyushu
長崎県,小値賀町,kyushu
長崎県,佐々町,kyushu
長崎県,新上五島町,kyushu
熊本県,熊本市,kyushu
熊本県,八代市,kyushu
熊本県,人吉市,kyushu
熊本県,荒尾市,kyushu
熊本県,水俣市,kyushu
熊本県,玉名市,kyushu
熊本県,山鹿市,kyushu
熊本県,菊池市,kyushu
熊本県,宇土市,kyushu
熊本県,上天草市,kyushu
熊本県,宇城市,kyushu
熊本県,阿蘇市,kyushu
熊本県,天草市,kyushu
熊本県,合志市,kyushu
熊本県,美里町,kyushu
熊本県,玉東町,kyushu
熊本県,南関町,kyushu
熊本県,長洲町,kyushu
熊本県,和水町,kyushu
熊本県,大津町,kyushu
熊本県,菊陽町,kyushu
熊本県,南小国町,kyushu
熊本県,小国町,kyushu
熊本県,産山村,kyushu
熊本県,高森町,kyushu
熊本県,西原村,kyushu
熊本県,南阿蘇村,kyushu
熊本県,御船町,kyushu
熊本県,嘉島町,kyushu
熊本県,益城町,kyushu
熊本県,甲佐町,kyushu
熊本県,山都町,kyushu
熊本県,氷川町,kyushu
熊本県,芦北町,kyushu
熊本県,津奈木町,kyushu
熊本県,錦町,kyushu
熊本県,多良木町,kyushu
熊本県,湯前町,kyushu
熊本県,水上村,kyushu
熊本県,相良村,kyushu
熊本県,五木村,kyushu
熊本県,山江村,kyushu
熊本県,球磨村,kyushu
熊本県,あさぎり町,kyushu
熊本県,苓北町,kyushu
大分県,大分市,kyushu
大分県,別府市,kyushu
大分県,中津市,kyushu
大分県,日田市,kyushu
大分県,佐伯市,kyushu
大分県,臼杵市,kyushu
大分県,津久見市,kyushu
大分県,竹田市,kyushu
大分県,豊後高田市,kyushu
大分県,杵築市,kyushu
大分県,宇佐市,kyushu
大分県,豊後大野市,kyushu
大分県,由布市,kyushu
大分県,国東市,kyushu
大分県,姫島村,kyushu
大分県,日出町,kyushu
大分県,九重町,kyushu
大分県,玖珠町,kyushu
宮崎県,宮崎市,kyushu
宮崎県,都城市,kyushu
宮崎県,延岡市,kyushu
宮崎県,日南市,kyushu
宮崎県,小林市,kyushu
宮崎県,日向市,kyushu
宮崎県,串間市,kyushu
宮崎県,西都市,kyushu
宮崎県,えびの市,kyushu
宮崎県,三股町,kyushu
宮崎県,高原町,kyushu
宮崎県,国富町,kyushu
宮崎県,綾町,kyushu
宮崎県,高鍋町,kyushu
宮崎県,新富町,kyushu
宮崎県,西米良村,kyushu
宮崎県,木城町,kyushu
宮崎県,川南町,kyushu
宮崎県,都農町,kyushu
宮崎県,門川町,kyushu
宮崎県,諸塚村,kyushu
宮崎県,椎葉村,kyushu
宮崎県,美郷町,kyushu
宮崎県,高千穂町,kyushu
宮崎県,日之影町,kyushu
宮崎県,五ヶ瀬町,kyushu
鹿児島県,鹿児島市,kyushu
鹿児島県,鹿屋市,kyushu
鹿児島県,枕崎市,kyushu
鹿児島県,阿久根市,kyushu
鹿児島県,出水市,kyushu
鹿児島県,指宿市,kyushu
鹿児島県,西之表市,kyushu
鹿児島県,垂水市,kyushu
鹿児島県,薩摩川内市,kyushu
鹿児島県,日置市,kyushu
鹿児島県,曽於市,kyushu
鹿児島県,霧島市,kyushu
鹿児島県,いちき串木野市,kyushu
鹿児島県,南さつま市,kyushu
鹿児島県,志布志市,kyushu
鹿児島県,奄美市,kyushu
鹿児島県,南九州市,kyushu
鹿児島県,伊佐市,kyushu
鹿児島県,姶良市,kyushu
鹿児島県,三島村,kyushu
鹿児島県,十島村,kyushu
鹿児島県,さつま町,kyushu
鹿児島県,長島町,kyushu
鹿児島県,湧水町,kyushu
鹿児島県,大崎町,kyushu
鹿児島県,東串良町,kyushu
鹿児島県,錦江町,kyushu
鹿児島県,南大隅町,kyushu
鹿児島県,肝付町,kyushu
鹿児島県,中種子町,kyushu
鹿児島県,南種子町,kyushu
鹿児島県,屋久島町,kyushu
鹿児島県,大和村,kyushu
鹿児島県,宇検村,kyushu
鹿児島県,瀬戸内町,kyushu
鹿児島県,龍郷町,kyushu
鹿児島県,喜界町,kyushu
鹿児島県,徳之島町,kyushu
鹿児島県,天城町,kyushu
鹿児島県,伊仙町,kyushu
鹿児島県,和泊町,kyushu
鹿児島県,知名町,kyushu
鹿児島県,与論町,kyushu
沖縄県,那覇市,okinawa
沖縄県,宜野湾市,okinawa
沖縄県,石垣市,okinawa
沖縄県,浦添市,okinawa
沖縄県,名護市,okinawa
沖縄県,糸満市,okinawa
沖縄県,沖縄市,okinawa
沖縄県,豊見城市,okinawa
沖縄県,うるま市,okinawa
沖縄県,宮古島市,okinawa
沖縄県,南城市,okinawa
沖縄県,国頭村,okinawa
沖縄県,大宜味村,okinawa
沖縄県,東村,okinawa
沖縄県,今帰仁村,okinawa
沖縄県,本部町,okinawa
沖縄県,恩納村,okinawa
沖縄県,宜野座村,okinawa
沖縄県,金武町,okinawa
沖縄県,伊江村,okinawa
沖縄県,読谷村,okinawa
沖縄県,嘉手納町,okinawa
沖縄県,北谷町,okinawa
沖縄県,北中城村,okinawa
沖縄県,中城村,okinawa
沖縄県,西原町,okinawa
沖縄県,与那原町,okinawa
沖縄県,南風原町,okinawa
沖縄県,渡嘉敷村,okinawa
沖縄県,座間味村,okinawa
沖縄県,粟国村,okinawa
沖縄県,渡名喜村,okinawa
沖縄県,南大東村,okinawa
沖縄県,北大東村,okinawa
沖縄県,伊平屋村,okinawa
沖縄県,伊是名村,okinawa
沖縄県,久米島町,okinawa
沖縄県,八重瀬町,okinawa
沖縄県,多良間村,okinawa
沖縄県,竹富町,okinawa
沖縄県,与那国町,okinawa
北海道,留別村,hokkaido
北海道,留夜別村,hokkaido
北海道,紗那村,hokkaido
北海道,色丹村,hokkaido
北海道,蘂取村,hokkaido
東京都,世田谷区,tokyo
東京都,中央区,tokyo
東京都,中野区,tokyo
東京都,北区,tokyo
東京都,千代田区,tokyo
東京都,台東区,tokyo
東京都,品川区,tokyo
東京都,墨田区,tokyo
東京都,大田区,tokyo
東京都,文京区,tokyo
東京都,新宿区,tokyo
東京都,杉並区,tokyo
東京都,板橋区,tokyo
東京都,江戸川区,tokyo
東京都,江東区,tokyo
東京都,渋谷区,tokyo
東京都,港区,tokyo
東京都,目黒区,tokyo
東京都,練馬区,tokyo
東京都,荒川区,tokyo
東京都,葛飾区,tokyo
東京都,豊島区,tokyo
東京都,足立区,tokyo